names,description,language,last_update

"Monkey-Chunky",Public,2 hours ago

"
        databaseForWily",Public,4 days ago

"
        PRO-C156-Teacher-Ref",Public,10 days ago

"
        PRO-C156-Student-Activity",Public,10 days ago

"
        PRO-C155-Student-Activity",Public,10 days ago

"
        PRO-C155-Teacher-Ref-Code",Public,10 days ago

"
        PRO-C154-Student-Activity",Public,10 days ago

"
        PRO-C154-Teacher-Ref-Code",Public,10 days ago

"
        PRO-C153-Teacher-Reference-Code",Public,10 days ago

"
        PRO-C153-Student-Activity",Public,10 days ago

"
        barter-app-stage-13",Public,14 days ago

"
        book-santa-stage-13",Public,14 days ago

"
        book-santa-stage-12",Public,14 days ago

"
        book-santa-stage-11",Public,14 days ago

"
        book-santa-stage-10",Public,14 days ago

"
        book-santa-stage-9",Public,14 days ago

"
        book-santa-stage-8",Public,14 days ago

"
        book-santa-stage-7",Public,14 days ago

"
        book-santa-stage-5",Public,14 days ago

"
        book-santa-stage-6",Public,14 days ago

"
        book-santa-stage-4",Public,14 days ago

"
        book-santa-stage-3",Public,14 days ago

"
        book-santa-stage-2",Public,14 days ago

"
        barter-app-stage-2",Public,15 days ago

"
        book-santa-stage-1",Public,15 days ago

"
        Wily_Authentication",Public,15 days ago

"
        searchBar",Public,15 days ago

"
        BedTimeStories8",Public,15 days ago

"
        FirestoryQuery",Public,15 days ago

"
        PiratesInvasionStage-5",Public,15 days ago

"
        PiratesInvasionStage-6",Public,15 days ago

"
        PiratesInvasionSatgae-5.5",Public,15 days ago

"
        C207-project-solution",Public,16 days ago

"
        c205-project-solution",Public,16 days ago

"
        bounceOffAlgorithm2",Public,16 days ago

"
        BarCodeScanner",Public,on Aug 12

"
        AutoPopulateTextInput",Public,on Aug 12

"
        barter-app-stage-12",Public,on Aug 12

"
        barter-app-stage-11",Public,on Aug 12

"
        barter-app-stage-10",Public,on Aug 12

"
        barter-app-stage-9",Public,on Aug 12

"
        barter-app-stage-8",Public,on Aug 12

"
        barter-app-stage-7",Public,on Aug 12

"
        barter-app-stage-6",Public,on Aug 12

"
        barter-app-stage-5",Public,on Aug 12

"
        barter-app-stage-4",Public,on Aug 11

"
        barter-app-stage-3",Public,on Aug 11

"
        barter-app-stage-1",Public,on Aug 11

"
        bedTimeStoriesPart2",Public,on Aug 11

"
        bedTimeStoriesPart1",Public,on Aug 11

"
        bedTimeStoryPart3",Public,on Aug 11

"
        tabNavigation",Public,on Aug 11

"
        PRO-C151-Student-Activity",Public,on Aug 5

"
        PRO-C151-Teacher-Ref",Public,on Aug 5

"
        PRO-C153-Teacher-Boilerplate",Public,on Jul 30

"
        p5.play-boilerplate",Public,on Jul 29

"
        PiratesInvasionStage-5-new-",Public,on Jul 29

"
        e-library-PRO-C75",Public,on Jul 29

"
        e-library-C74-SA-BP",Public,on Jul 29

"
        e-library-v2-PRO-C74",Public,on Jul 29

"
        C74-Teacher-boilerplate",Public,on Jul 29

"
        e-library-v2-PRO-C73",Public,on Jul 29

"
        e-library-PRO-C72.1",Public,on Jul 29

"
        e-learning-v2-PRO-C71.5",Public,on Jul 29

"
        e-learning-v2-PRO-C72",Public,on Jul 29

"
        e-library-v2-PRO-C70",Public,on Jul 29

"
        PiratesInvasionStage-4.5-new",Public,on Jul 29

"
        e-library-PRO-C71",Public,on Jul 28

"
        PiratesInvasionStage-1",Public,on Jul 26

"
        PiratesInvasionStage-0.5",Public,on Jul 26

"
        PRO-C23-wireframe",Public,on Jul 26

"
        angryBirdsStage2",Public,on Jul 23

"
        Planet-Api-App",Public,on Jul 16

"
        PRO-206-TA",Public,on Jul 15

"
        PRO-C206-SA",Public,on Jul 15

"
        C206-reference-code",Public,on Jul 15

"
        Reference-code--205",Public,on Jul 14

"
        PRO-C205-TA",Public,on Jul 13

"
        PRO-C205-SA1",Public,on Jul 13

"
        C204-project-template",Public,on Jul 13

"
        Project-solution-204",Public,on Jul 13

"
        PiratesInvasionStage-3",Public,on Jul 12

"
        newtons_cradle",Public,on Jul 10

"
        PiratesInvasion",Public,on Jul 5

"
        PRO-C204-TA1-boilerplate",Public,on Jul 2

"
        PRO-C204-SA1-Boilerplate",Public,on Jul 2

"
        PRO-C204-reference-code",Public,on Jul 2

"
        e-library-C75-SA",Public,on Jun 28

"
        PiratesInvasionStage-4.5",Public,on Jun 26

"
        e-library-75-TA",Public,on Jun 24

"
        e-library-v2-PRO-C69",Public,on Jun 24

"
        PRO-C70-PROJECT",Public,on Jun 18

"
        PRO-C71-PROJECT",Public,on Jun 18

"
        PRO-C72-PROJECT",Public,on Jun 18

"
        PRO-C73-PROJECT",Public,on Jun 18

"
        PRO-C74-PROJECT",Public,on Jun 18

"
        PRO-C75",Public,on Jun 18

"
        correlation",Public,on Jun 13

"
        carRacingStage2",Public,on Jun 9

"
        PiratesInvasionStage-3.5",Public,on Jun 1

"
        TopplingBoxes",Public,on May 31

"
        PRO-C187-Code-Ref",Public,on May 27

"
        PRO-C187-Student-Boilerplate",Public,on May 27

"
        PiratesInvasionStage-2.5",Public,on May 26

"
        PiratesInvasionStage-2",Public,on May 26

"
        ToastsWily",Public,on May 25

"
        C20_boilerplate",Public,on May 25

"
        Pirates_invasion",Public,on May 12

"
        ISS-Tracker-2",Public,on May 12

"
        PRO-C180-Project-Solution",Public,on May 11

"
        PRO-C178-Project-Solution",Public,on May 11

"
        PRO-C179-Project-Sloution",Public,on May 11

"
        PRO-LookMeAppFilters",Public,on May 10

"
        AR-PRO-C185",Public,on May 8

"
        look-me-app",Public,on May 8

"
        AR-PRO-C184",Public,on May 8

"
        AR-PRO-C183",Public,on May 8

"
        AR-PRO-C182",Public,on May 8

"
        AR-PRO-C181",Public,on May 8

"
        C_11_indented_code",Public,on May 7

"
        C_11_Student-Activity-2_Solution",Public,on May 7

"
        spectagram-stage-6",Public,on May 5

"
        spectagram-stage-9",Public,on May 5

"
        spectagram-stage-8",Public,on May 5

"
        spectagram-stage-7",Public,on May 5

"
        spectagram-stage-4",Public,on May 5

"
        spectagram-stage-3",Public,on May 5

"
        ISS-Tracker-5",Public,on May 5

"
        ISS-Tracker-4",Public,on May 5

"
        ISS-Tracker-3",Public,on May 5

"
        PRO-C186-Code-Ref",Public,on May 4

"
        PRO-C185-Code-Ref",Public,on May 3

"
        c-129-project",Public,on Apr 29

"
        spectagram-stage-2",Public,on Apr 29

"
        spectagram-stage-1",Public,on Apr 29

"
        PRO-C69-PROJECT",Public,on Apr 29

"
        PRO-C68-PROJECT",Public,on Apr 29

"
        Spectogram-stage-5",Public,on Apr 29

"
        zombie-crush-assets",Public,on Apr 28

"
        zombie-crush-boilerplate",Public,on Apr 28

"
        zombie-crush-4",Public,on Apr 28

"
        zombie-crush-3",Public,on Apr 28

"
        zombie-crush-2",Public,on Apr 28

"
        zombie-crush-1",Public,on Apr 28

"
        PRO-C184-Code-Ref",Public,on Apr 27

"
        PRO-C183-Code-Ref",Public,on Apr 26

"
        multiplayer-car-racing-v2",Public,on Apr 23

"
        PRO-C177-Project-Solution",Public,on Apr 21

"
        PRO-C176-Project-Solution",Public,on Apr 21

"
        PRO-C182-Code-Ref",Public,on Apr 20

"
        hunter-archer",Public,on Apr 19

"
        PRO-C181-Code-Ref",Public,on Apr 18

"
        AngryBirdsStage4",Public,on Apr 15

"
        PRO-C180-Student-Boilerplate",Public,on Apr 13

"
        PRO-C180-Code-Ref",Public,on Apr 13

"
        PRO-C180-TA-Ref",Public,on Apr 13

"
        Guessing_game",Public,on Apr 13

"
        e-library-PRO-C68",Public,on Apr 12

"
        PRO-C177-Code-Ref",Public,on Apr 12

"
        PRO-C179-Student-Boilerplate",Public,on Apr 12

"
        PRO-C179-Code-Ref",Public,on Apr 12

"
        PiratesInvasionStage-4",Public,on Apr 7

"
        PRO-C178-Code-Ref",Public,on Mar 28

"
        PRO-C178-Boilerplate",Public,on Mar 28

"
        PRO-C177-Boilerplate-Student",Public,on Mar 27

"
        PRO-C177-Boilerplate-Teacher",Public,on Mar 27

"
        PRO-C176-Boilerplate-Student",Public,on Mar 25

"
        PRO-C176-Boilerplate-Teacher",Public,on Mar 25

"
        PRO-C176-Code-Ref",Public,on Mar 25

"
        hoping-easter-egg",Public,on Mar 24

"
        PRO-C174-Boilerplate",Public,on Mar 22

"
        PRO-C175-AR",Public,on Mar 19

"
        PRO-C174-AR",Public,on Mar 19

"
        three-d-models",Public,on Mar 18

"
        wily-v2",Public,on Mar 16

"
        PRO-C169-AR",Public,on Mar 15

"
        PRO-C171-AR",Public,on Mar 15

"
        PRO-C173-AR",Public,on Mar 15

"
        PRO-C172-AR",Public,on Mar 15

"
        PRO-C168-AR",Public,on Mar 15

"
        PRO-C170-AR",Public,on Mar 15

"
        PRO-C175-Student-Boilerplate",Public,on Mar 10

"
        PRO-C175-Teacher-Boilerplate",Public,on Mar 10

"
        PRO-C175",Public,on Mar 10

"
        PRO-AR-TOY-STORE",Public,on Mar 10

"
        ar-toy-store-assets",Public,on Mar 9

"
        PRO-C174",Public,on Mar 7

"
        PRO-C174-Teacher-Boilerplate",Public,on Mar 7

"
        PRO-C173",Public,on Mar 3

"
        PRO-C173-Boilerplate",Public,on Mar 3

"
        Insta-Clone",Public,on Mar 3

"
        PRO-C172-Student-Boilerplate",Public,on Mar 1

"
        PRO-C172-Teacher-Boilerplate",Public,on Mar 1

"
        PRO-C172",Public,on Mar 1

"
        PRO-C171",Public,on Feb 26

"
        PRO-C171-Boilerplate",Public,on Feb 26

"
        PRO-C170-Boilerplate",Public,on Feb 26

"
        PRO-C170",Public,on Feb 23

"
        Stellar-app",Public,on Feb 22

"
        PRO-C165-Student-Activity",Public,on Feb 22

"
        web-ar-assets",Public,on Feb 22

"
        PRO-C168",Public,on Feb 22

"
        PRO-C169",Public,on Feb 20

"
        PRO-C168-Boilerplate",Public,on Feb 20

"
        PRO-C167-Boilerplate",Public,on Feb 16

"
        PRO-C167-Teacher-Ref",Public,on Feb 16

"
        PRO-C159-Teacher-Ref",Public,on Feb 15

"
        PRO-C159-Student-Activity",Public,on Feb 15

"
        PRO-C167-Project-Solution",Public,on Feb 12

"
        PRO-C166-Project-Solution",Public,on Feb 10

"
        PRO-C166-Teacher-Ref",Public,on Feb 10

"
        PRO-C166-Teacher-Activity",Public,on Feb 10

"
        PRO-C166-Boilerplate",Public,on Feb 9

"
        PRO-C166-AR",Public,on Feb 9

"
        collisionAlgorithm2",Public,on Feb 8

"
        ar-gesture-handler",Public,on Feb 8

"
        PRO-C165-Project-Solution",Public,on Feb 7

"
        click-me",Public,on Feb 5

"
        ISS-Tracker-5-boilerplate",Public,on Feb 4

"
        PRO-C165-Teacher-Ref",Public,on Feb 4

"
        PRO-C165-Teacher-Activity",Public,on Feb 4

"
        ISS-Tracker-4-Boilerplate",Public,on Feb 3

"
        ISS-Tracker-3-boiler-plate",Public,on Feb 2

"
        clashWithVikingsStage-9",Public,on Feb 1

"
        sounds-for-clash-with-vikings",Public,on Feb 1

"
        PRO-C164-Project-Solution",Public,on Jan 31

"
        PRO-C163-Project-Solution",Public,on Jan 31

"
        PRO-C164-Teacher-Activity",Public,on Jan 29

"
        ClashWithVikings",Public,on Jan 28

"
        PRO-C167-CA",Public,on Jan 26

"
        AngryBirdsStage2.5StudentActivity",Public,on Jan 26

"
        PRO-C164-Teacher-Ref",Public,on Jan 26

"
        PRO-C164-Student-Activity",Public,on Jan 26

"
        PRO-C164-Teacher-Activity-Ref",Public,on Jan 26

"
        PRO-C163-Teacher-Ref",Public,on Jan 23

"
        PRO-C163-Student-Activity",Public,on Jan 23

"
        ISS-Tracker-1-Boilerplate",Public,on Jan 23

"
        ISS-Tracker-1-Teacher-Ref",Public,on Jan 22

"
        PRO-C163-Teacher-Activity",Public,on Jan 22

"
        clash-with-vikings",Public,on Jan 21

"
        PRO-C158-Student-Activity",Public,on Jan 19

"
        PRO-C158-Teacher-Ref",Public,on Jan 19

"
        PRO-C157-Student-Activity",Public,on Jan 19

"
        PRO-C157-Teacher-Ref",Public,on Jan 19

"
        PRO-C160-Student-Activity",Public,on Jan 19

"
        PRO-C160-Teacher-Ref",Public,on Jan 19

"
        PRO-C162-Project-Solution",Public,on Jan 18

"
        PRO-C160-Project-Solution",Public,on Jan 18

"
        PRO-C159-Project-Solution",Public,on Jan 17

"
        PRO-C158-Project-Solution",Public,on Jan 17

"
        angryBirdsStage8.5",Public,on Jan 16

"
        PRO-C161-Project-Solution",Public,on Jan 15

"
        PRO-C162-Student-Activity",Public,on Jan 14

"
        PRO-C162-Teacher-Ref",Public,on Jan 14

"
        PRO-C161-Student-Activity",Public,on Jan 14

"
        PRO-C161-Teacher-Ref",Public,on Jan 14

"
        PRO-C152-Student-Actitvity",Public,on Jan 11

"
        ClashwithVikingsStage8.5",Public,on Jan 11

"
        ClashWithVikingsStage8",Public,on Jan 11

"
        ClashWithVikingStage7",Public,on Jan 11

"
        ClashWithVikingStage6",Public,on Jan 11

"
        ClashWithVikingsStage5",Public,on Jan 11

"
        ClashWithVikingStage4",Public,on Jan 11

"
        ClashWithVikingsStage3.5",Public,on Jan 11

"
        ClashWithVikingStage3",Public,on Jan 10

"
        ClashWithVikingStage2.5StudentActivity",Public,on Jan 10

"
        ClashWithVikingStage2StudentActivity",Public,on Jan 10

"
        ClashWithTheVikingsStage2",Public,on Jan 10

"
        ClashWithVikingsStage2TeacherActivity",Public,on Jan 9

"
        ClashWithVikingStage-1",Public,on Jan 8

"
        wrecking-ball",Public,on Jan 6

"
        PRO-C157-Project-Solution",Public,on Jan 6

"
        PRO-C156-Project",Public,on Jan 4

"
        PRO-C155-Project",Public,on Jan 4

"
        PRO-C154-Project",Public,on Jan 4

"
        A-Frame-Pysics-System-Example",Public,"on Dec 29, 2020"

"
        PRO-AR-TEST-01",Public,"on Dec 29, 2020"

"
        PRO-C153-Project",Public,"on Dec 25, 2020"

"
        virtual-tour",Public,"on Dec 24, 2020"

"
        PRO-VR-C152",Public,"on Dec 24, 2020"

"
        PRO-VR-C151",Public,"on Dec 24, 2020"

"
        AngryBirdsStage8",Public,"on Dec 19, 2020"

"
        PRO-C152-Activity-Reference",Public,"on Dec 19, 2020"

"
        CarRacingStage1.5",Public,"on Dec 16, 2020"

"
        Project-Solution-PRO-C150",Public,"on Dec 10, 2020"

"
        PRO-C150-Student-Activity",Public,"on Dec 10, 2020"

"
        PRO-C150-Activity-Reference",Public,"on Dec 10, 2020"

"
        PRO-C148-TypesOfLight",Public,"on Dec 3, 2020"

"
        AngryBirdsStage7",Public,"on Dec 2, 2020"

"
        PRO-C148-Student-Activity",Public,"on Dec 1, 2020"

"
        PRO-C146-Student-Activity",Public,"on Dec 1, 2020"

"
        PRO-C147-Student-Activity",Public,"on Dec 1, 2020"

"
        jetpack",Public,"on Nov 30, 2020"

"
        PRO-VR-C148",Public,"on Nov 30, 2020"

"
        PRO-C148-Activity-Reference",Public,"on Nov 29, 2020"

"
        VR-PRO-C147",Public,"on Nov 28, 2020"

"
        VR-PRO-C145",Public,"on Nov 26, 2020"

"
        VR-PRO-C146",Public,"on Nov 26, 2020"

"
        PRO-C147-Activity-Reference",Public,"on Nov 26, 2020"

"
        PRO-C145-Activity-Reference",Public,"on Nov 26, 2020"

"
        invisibility_cloak",Public,"on Nov 26, 2020"

"
        PRO-C146-Teacher-Ref",Public,"on Nov 26, 2020"

"
        Github-pages",Public,"on Nov 24, 2020"

"
        asynchronousBallMovement",Public,"on Nov 19, 2020"

"
        Blog-App-Stage-2",Public,"on Nov 17, 2020"

"
        project-c-142",Public,"on Nov 17, 2020"

"
        Blog-App",Public,"on Nov 15, 2020"

"
        project-c-141",Public,"on Nov 10, 2020"

"
        c-142",Public,"on Nov 10, 2020"

"
        imdb-movies-stage-2",Public,"on Nov 10, 2020"

"
        uploading_folders",Public,"on Nov 9, 2020"

"
        star-api",Public,"on Nov 6, 2020"

"
        imdb-moive-recommendation-stage-1",Public,"on Nov 5, 2020"

"
        c-141",Public,"on Nov 2, 2020"

"
        c-138-Project",Public,"on Nov 2, 2020"

"
        datasets",Public,"on Oct 27, 2020"

"
        book-santa-stage-2-v2",Public,"on Oct 23, 2020"

"
        book-santa-stage-1-v2",Public,"on Oct 22, 2020"

"
        web_scraping_2",Public,"on Oct 22, 2020"

"
        web_scraping_1",Public,"on Oct 22, 2020"

"
        book-santa-stage-13-v2",Public,"on Oct 21, 2020"

"
        Planet-Image-assets",Public,"on Oct 21, 2020"

"
        planet_flask",Public,"on Oct 20, 2020"

"
        book-santa-stage-12-v2",Public,"on Oct 19, 2020"

"
        book-santa-stage-11-v2",Public,"on Oct 19, 2020"

"
        book-santa-stage-10-v2",Public,"on Oct 17, 2020"

"
        book-santa-stage-9-v2",Public,"on Oct 16, 2020"

"
        book-santa-stage-4-v2",Public,"on Oct 13, 2020"

"
        book-santa-stage-5-v2",Public,"on Oct 13, 2020"

"
        book-santa-stage-8-v2",Public,"on Oct 13, 2020"

"
        book-santa-stage-7-v2",Public,"on Oct 13, 2020"

"
        book-santa-stage-6-v2",Public,"on Oct 13, 2020"

"
        angry-bird-stage-9",Public,"on Oct 10, 2020"

"
        Data-cleaning",Public,"on Oct 1, 2020"

"
        book-santa-stage-3-v2",Public,"on Sep 30, 2020"

"
        data-pre-processing",Public,"on Sep 29, 2020"

"
        web-scrapping-2",Public,"on Sep 28, 2020"

"
        Background-matters",Public,"on Sep 28, 2020"

"
        digital-recoginition-2",Public,"on Sep 25, 2020"

"
        Alphabet-detection",Public,"on Sep 23, 2020"

"
        flask-app",Public,"on Sep 23, 2020"

"
        Scraper",Public,"on Sep 22, 2020"

"
        boxClass",Public,"on Sep 19, 2020"

"
        Realtime-Image-detection",Public,"on Sep 16, 2020"

"
        cameraDetection",Public,"on Sep 15, 2020"

"
        solution_126",Public,"on Sep 14, 2020"

"
        C125",Public,"on Sep 12, 2020"

"
        Flask",Public,"on Sep 9, 2020"

"
        MeanMedianMode",Public,"on Aug 17, 2020"

"
        portfolio",Public,"on Jul 28, 2020"

"
        Sampling-distribution",Public,"on Jul 18, 2020"

"
        Sampling_Distribution",Public,"on Jul 18, 2020"

"
        z-test",Public,"on Jul 17, 2020"

"
        Properties_of-_normal-_distribution",Public,"on Jul 10, 2020"

"
        Properties-of-normal-distribution",Public,"on Jul 9, 2020"

"
        bell-curve--normal-distribution",Public,"on Jul 3, 2020"

"
        data-analysis-through-visualisation",Public,"on Jul 3, 2020"

"
        Normal-Distribution",Public,"on Jul 2, 2020"

"
        Data-Analysis-by-visualisation",Public,"on Jul 1, 2020"

"
        Python_class",Public,"on Jun 30, 2020"

"
        finding-correlation",Public,"on Jun 23, 2020"

"
        std_deviation",Public,"on Jun 23, 2020"

"
        Standard_deviation",Public,"on Jun 19, 2020"

"
        Mean_median_mode",Public,"on Jun 17, 2020"

"
        Data_visulization",Public,"on Jun 17, 2020"

"
        Automation",Public,"on Jun 15, 2020"

"
        Data-visualization",Public,"on Jun 13, 2020"

"
        carRacingStage0.5",Public,"on Jun 6, 2020"

"
        cloud_storage",Public,"on Jun 6, 2020"

"
        Bank_Atm",Public,"on Jun 3, 2020"

"
        Removing_files",Public,"on Jun 3, 2020"

"
        Moving_File",Public,"on May 27, 2020"

"
        Swapping_file",Public,"on May 27, 2020"

"
        Functions",Public,"on May 24, 2020"

"
        countingWords",Public,"on May 21, 2020"

"
        webinarTestRepo",Public,"on May 12, 2020"

"
        webinar_with_teachers",Public,"on May 12, 2020"

"
        staticSquare",Public,"on Apr 7, 2020"

"
        searchScreen",Public,"on Feb 21, 2020"

"
        BedTimeStoriesPart7",Public,"on Feb 21, 2020"

"
        The-Escape",Public,"on Feb 19, 2020"

"
        BedTimeStoriesPart6",Public,"on Feb 15, 2020"

"
        BedTimeStoryPart5",Public,"on Feb 8, 2020"

"
        BedTimeStoryPart4",Public,"on Feb 7, 2020"

"
        bedTimeStoryPart2",Public,"on Feb 2, 2020"

"
        MonkeyAndTheCrocodile",Public,"on Jan 15, 2020"

"
        carRacingStage3",Public,"on Jan 10, 2020"

"
        Portfolio2.0",Public,"on Nov 25, 2019"

"
        StudentPortfolio1.0",Public,"on Nov 3, 2019"

"
        jsreview",Public,"on Sep 20, 2019"

"
        carRacingStage2.5",Public,"on Sep 11, 2019"

"
        sample",Public,"on Sep 2, 2019"

"
        cx",Public,"on Aug 30, 2019"

"
        CarRacingGame1.0",Public,"on Aug 23, 2019"

"
        test",Public,"on Aug 20, 2019"

"
        synchronousBallMovement",Public,"on Aug 19, 2019"

"
        bouncyBall",Public,"on Aug 18, 2019"

"
        AngryBirdsStage9",Public,"on Aug 11, 2019"

"
        AngryBirdsStage6",Public,"on Jul 28, 2019"

"
        AngryBirdsStage5",Public,"on Jul 25, 2019"

"
        AngryBirdsStage3.5",Public,"on Jul 21, 2019"

"
        AngryBirdsStage3",Public,"on Jul 14, 2019"

"
        angryBirdsStage2TeacherActivity",Public,"on Jul 11, 2019"

"
        angryBirdsStage2StudentActivity",Public,"on Jul 11, 2019"

"
        angryBirdsStage1",Public,"on Jul 5, 2019"

"
        bounceOffAlgorithm",Public,"on Jun 25, 2019"

"
        collisionAlgorithm",Public,"on Jun 25, 2019"

